{
  "Link Color" : {
    "Red Component" : 0,
    "Color Space" : "sRGB",
    "Blue Component" : 0.73423302173614502,
    "Alpha Component" : 1,
    "Green Component" : 0.35916060209274292
  },
  "Tags" : [

  ],
  "Ansi 12 Color" : {
    "Red Component" : 0.87450980392156863,
    "Color Space" : "sRGB",
    "Blue Component" : 0.92549019607843142,
    "Alpha Component" : 1,
    "Green Component" : 0.8901960784313725
  },
  "Ansi 7 Color" : {
    "Red Component" : 0.93333333730697632,
    "Color Space" : "sRGB",
    "Blue Component" : 0.83921568627450982,
    "Alpha Component" : 1,
    "Green Component" : 0.90980392694473267
  },
  "Draw Powerline Glyphs" : true,
  "Bold Color" : {
    "Red Component" : 0.34509803921568627,
    "Color Space" : "sRGB",
    "Blue Component" : 0.45882352941176469,
    "Green Component" : 0.43137254901960786
  },
  "Ansi 8 Color" : {
    "Red Component" : 0.57647058823529407,
    "Color Space" : "sRGB",
    "Blue Component" : 0.63137254901960782,
    "Alpha Component" : 1,
    "Green Component" : 0.63137254901960782
  },
  "Ansi 9 Color" : {
    "Red Component" : 0.7803921568627451,
    "Color Space" : "sRGB",
    "Blue Component" : 0.16862745098039217,
    "Alpha Component" : 1,
    "Green Component" : 0.41176470588235292
  },
  "Ansi 1 Color" : {
    "Red Component" : 0.69411764705882351,
    "Color Space" : "sRGB",
    "Blue Component" : 0.12941176470588237,
    "Alpha Component" : 1,
    "Green Component" : 0.14901960784313725
  },
  "Rows" : 25,
  "Default Bookmark" : "No",
  "Custom Directory" : "No",
  "Cursor Guide Color" : {
    "Red Component" : 0.70213186740875244,
    "Color Space" : "sRGB",
    "Blue Component" : 1,
    "Alpha Component" : 0.25,
    "Green Component" : 0.9268307089805603
  },
  "Non-ASCII Anti Aliased" : true,
  "Use Bright Bold" : false,
  "Ansi 10 Color" : {
    "Red Component" : 0.93333333333333335,
    "Color Space" : "sRGB",
    "Blue Component" : 0.76078431372549016,
    "Alpha Component" : 1,
    "Green Component" : 0.97647058823529409
  },
  "Ambiguous Double Width" : false,
  "Jobs to Ignore" : [
    "rlogin",
    "ssh",
    "slogin",
    "telnet"
  ],
  "Ansi 15 Color" : {
    "Red Component" : 0.99215686321258545,
    "Color Space" : "sRGB",
    "Blue Component" : 0.89411764705882357,
    "Alpha Component" : 1,
    "Green Component" : 0.96470588445663452
  },
  "Foreground Color" : {
    "Red Component" : 0.396078431372549,
    "Color Space" : "sRGB",
    "Blue Component" : 0.51372549019607838,
    "Green Component" : 0.4823529411764706
  },
  "Working Directory" : "\/Users\/mikhail",
  "Blinking Cursor" : false,
  "Disable Window Resizing" : true,
  "Sync Title" : false,
  "Prompt Before Closing 2" : false,
  "BM Growl" : true,
  "Mouse Reporting" : true,
  "Command" : "",
  "Description" : "Default",
  "Screen" : -1,
  "Selection Color" : {
    "Red Component" : 0.99215686274509807,
    "Color Space" : "sRGB",
    "Blue Component" : 0.80000000000000004,
    "Alpha Component" : 1,
    "Green Component" : 0.94509803921568625
  },
  "Columns" : 80,
  "Idle Code" : 0,
  "Ansi 13 Color" : {
    "Red Component" : 0.21176470588235294,
    "Color Space" : "sRGB",
    "Blue Component" : 0.79607843137254897,
    "Alpha Component" : 1,
    "Green Component" : 0.3411764705882353
  },
  "Brighten Bold Text" : false,
  "Custom Command" : "No",
  "ASCII Anti Aliased" : true,
  "Non Ascii Font" : "NotoSansMono-Regular_SemiBold 13",
  "Vertical Spacing" : 0.89000000000000001,
  "Use Bold Font" : true,
  "Option Key Sends" : 2,
  "Selected Text Color" : {
    "Red Component" : 0.34509803921568627,
    "Color Space" : "sRGB",
    "Blue Component" : 0.45882352941176469,
    "Green Component" : 0.43137254901960786
  },
  "Background Color" : {
    "Red Component" : 0.99215686321258545,
    "Color Space" : "sRGB",
    "Blue Component" : 0.89411764705882357,
    "Alpha Component" : 1,
    "Green Component" : 0.96470588445663452
  },
  "Character Encoding" : 4,
  "Ansi 11 Color" : {
    "Red Component" : 1,
    "Color Space" : "sRGB",
    "Blue Component" : 0.7803921568627451,
    "Alpha Component" : 1,
    "Green Component" : 0.91764705882352937
  },
  "Thin Strokes" : 3,
  "Use Italic Font" : false,
  "Unlimited Scrollback" : false,
  "Keyboard Map" : {
    "0xf700-0x260000" : {
      "Text" : "[1;6A",
      "Action" : 10
    },
    "0x37-0x40000" : {
      "Text" : "0x1f",
      "Action" : 11
    },
    "0x32-0x40000" : {
      "Text" : "0x00",
      "Action" : 11
    },
    "0xf709-0x20000" : {
      "Text" : "[17;2~",
      "Action" : 10
    },
    "0xf70c-0x20000" : {
      "Text" : "[20;2~",
      "Action" : 10
    },
    "0xf729-0x20000" : {
      "Text" : "[1;2H",
      "Action" : 10
    },
    "0xf72b-0x40000" : {
      "Text" : "[1;5F",
      "Action" : 10
    },
    "0xf705-0x20000" : {
      "Text" : "[1;2Q",
      "Action" : 10
    },
    "0xf703-0x260000" : {
      "Text" : "[1;6C",
      "Action" : 10
    },
    "0xf700-0x220000" : {
      "Text" : "[1;2A",
      "Action" : 10
    },
    "0xf701-0x280000" : {
      "Text" : "0x1b 0x1b 0x5b 0x42",
      "Action" : 11
    },
    "0x38-0x40000" : {
      "Text" : "0x7f",
      "Action" : 11
    },
    "0x33-0x40000" : {
      "Text" : "0x1b",
      "Action" : 11
    },
    "0xf703-0x220000" : {
      "Text" : "[1;2C",
      "Action" : 10
    },
    "0xf701-0x240000" : {
      "Text" : "[1;5B",
      "Action" : 10
    },
    "0xf70d-0x20000" : {
      "Text" : "[21;2~",
      "Action" : 10
    },
    "0xf702-0x260000" : {
      "Text" : "[1;6D",
      "Action" : 10
    },
    "0xf729-0x40000" : {
      "Text" : "[1;5H",
      "Action" : 10
    },
    "0xf706-0x20000" : {
      "Text" : "[1;2R",
      "Action" : 10
    },
    "0x34-0x40000" : {
      "Text" : "0x1c",
      "Action" : 11
    },
    "0xf700-0x280000" : {
      "Text" : "0x1b 0x1b 0x5b 0x41",
      "Action" : 11
    },
    "0x2d-0x40000" : {
      "Text" : "0x1f",
      "Action" : 11
    },
    "0xf70e-0x20000" : {
      "Text" : "[23;2~",
      "Action" : 10
    },
    "0xf702-0x220000" : {
      "Text" : "[1;2D",
      "Action" : 10
    },
    "0xf703-0x280000" : {
      "Text" : "0x1b 0x1b 0x5b 0x43",
      "Action" : 11
    },
    "0xf700-0x240000" : {
      "Text" : "[1;5A",
      "Action" : 10
    },
    "0xf707-0x20000" : {
      "Text" : "[1;2S",
      "Action" : 10
    },
    "0xf70a-0x20000" : {
      "Text" : "[18;2~",
      "Action" : 10
    },
    "0x35-0x40000" : {
      "Text" : "0x1d",
      "Action" : 11
    },
    "0xf70f-0x20000" : {
      "Text" : "[24;2~",
      "Action" : 10
    },
    "0xf703-0x240000" : {
      "Text" : "[1;5C",
      "Action" : 10
    },
    "0xf701-0x260000" : {
      "Text" : "[1;6B",
      "Action" : 10
    },
    "0xf702-0x280000" : {
      "Text" : "0x1b 0x1b 0x5b 0x44",
      "Action" : 11
    },
    "0xf72b-0x20000" : {
      "Text" : "[1;2F",
      "Action" : 10
    },
    "0x36-0x40000" : {
      "Text" : "0x1e",
      "Action" : 11
    },
    "0xf708-0x20000" : {
      "Text" : "[15;2~",
      "Action" : 10
    },
    "0xf701-0x220000" : {
      "Text" : "[1;2B",
      "Action" : 10
    },
    "0xf70b-0x20000" : {
      "Text" : "[19;2~",
      "Action" : 10
    },
    "0xf702-0x240000" : {
      "Text" : "[1;5D",
      "Action" : 10
    },
    "0xf704-0x20000" : {
      "Text" : "[1;2P",
      "Action" : 10
    }
  },
  "Window Type" : 0,
  "Background Image Location" : "",
  "Blur" : false,
  "Badge Color" : {
    "Red Component" : 1,
    "Color Space" : "sRGB",
    "Blue Component" : 0,
    "Alpha Component" : 0.5,
    "Green Component" : 0.1491314172744751
  },
  "Scrollback Lines" : 1000,
  "Send Code When Idle" : false,
  "Close Sessions On End" : true,
  "Terminal Type" : "xterm-256color",
  "Visual Bell" : true,
  "Flashing Bell" : false,
  "Silence Bell" : false,
  "Ansi 14 Color" : {
    "Red Component" : 0.8666666666666667,
    "Color Space" : "sRGB",
    "Blue Component" : 0.92941176470588238,